title,description,location
printer on fire,smoke is coming out of the printer next to the kitchen,B2-3
printer jams,the printer eats every second page,B1-2
no wifi,laptops cannot connect to the wireless network in the meeting room,B2-1
VPN slow,home office connection to the VPN drops every few minutes,remote
phishing mail,colleague received an e-mail asking for her password,B1-4
monitor flickers,external screen turns black for a second every minute,B3-2
coffee machine broken,coffee machine shows error E42,B2-3
login fails,cannot log into the HR portal after password change,B1-1
server room hot,air conditioning in the server room stopped working,B0-1
USB stick found,unknown USB stick found in the parking lot,B0-0
Excel crashes,Excel closes when opening large files,B3-1
toner empty,printer on the third floor says toner is empty,B2-3
